"Estado","tipo delito","suma delitos","pob por cada 1000"
"Aguascalientes","Aborto",7,0.00491
"Aguascalientes","Abuso de confianza",788,0.55275
"Aguascalientes","Abuso sexual",0,0
"Aguascalientes","Acoso sexual",0,0
"Aguascalientes","Allanamiento de morada",613,0.42999
"Aguascalientes","Amenazas",3778,2.6501
"Aguascalientes","Contra el medio ambiente",98,0.06874
"Aguascalientes","Corrupción de menores",62,0.04349
"Aguascalientes","Daño a la propiedad",5117,3.58935
"Aguascalientes","Delitos cometidos por servidores públicos",513,0.35985
"Aguascalientes","Despojo",387,0.27146
"Aguascalientes","Electorales",81,0.05682
"Aguascalientes","Evasión de presos",0,0
"Aguascalientes","Extorsión",112,0.07856
"Aguascalientes","Falsedad",129,0.09049
"Aguascalientes","Falsificación",213,0.14941
"Aguascalientes","Feminicidio",6,0.00421
"Aguascalientes","Fraude",3119,2.18784
"Aguascalientes","Homicidio",240,0.16835
"Aguascalientes","Hostigamiento sexual",153,0.10732
"Aguascalientes","Incesto",1,7e-04
"Aguascalientes","Incumplimiento de obligaciones de asistencia familiar",314,0.22026
"Aguascalientes","Lesiones",4828,3.38663
"Aguascalientes","Narcomenudeo",2181,1.52987
"Aguascalientes","Otros delitos contra el patrimonio",494,0.34652
"Aguascalientes","Otros delitos contra la familia",103,0.07225
"Aguascalientes","Otros delitos contra la sociedad",0,0
"Aguascalientes","Otros delitos del Fuero Común",4489,3.14883
"Aguascalientes","Otros delitos que atentan contra la libertad personal",388,0.27216
"Aguascalientes","Otros delitos que atentan contra la libertad y la seguridad sexual",578,0.40544
"Aguascalientes","Otros delitos que atentan contra la vida y la integridad corporal",58,0.04068
"Aguascalientes","Rapto",0,0
"Aguascalientes","Robo",10359,7.26638
"Aguascalientes","Secuestro",2,0.0014
"Aguascalientes","Tráfico de menores",1,7e-04
"Aguascalientes","Trata de personas",1,7e-04
"Aguascalientes","Violación equiparada",143,0.10031
"Aguascalientes","Violación simple",274,0.1922
"Aguascalientes","Violencia de género en todas sus modalidades distinta a la violencia familiar",14,0.00982
"Aguascalientes","Violencia familiar",3290,2.30779
"Baja California","Aborto",41,0.01088
"Baja California","Abuso de confianza",649,0.17219
"Baja California","Abuso sexual",1840,0.48819
"Baja California","Acoso sexual",230,0.06102
"Baja California","Allanamiento de morada",2369,0.62855
"Baja California","Amenazas",5283,1.40169
"Baja California","Contra el medio ambiente",11,0.00292
"Baja California","Corrupción de menores",384,0.10188
"Baja California","Daño a la propiedad",8403,2.22949
"Baja California","Delitos cometidos por servidores públicos",703,0.18652
"Baja California","Despojo",1383,0.36694
"Baja California","Electorales",69,0.01831
"Baja California","Evasión de presos",6,0.00159
"Baja California","Extorsión",96,0.02547
"Baja California","Falsedad",220,0.05837
"Baja California","Falsificación",366,0.09711
"Baja California","Feminicidio",32,0.00849
"Baja California","Fraude",3147,0.83497
"Baja California","Homicidio",2542,0.67445
"Baja California","Hostigamiento sexual",1530,0.40594
"Baja California","Incesto",0,0
"Baja California","Incumplimiento de obligaciones de asistencia familiar",1351,0.35845
"Baja California","Lesiones",6810,1.80684
"Baja California","Narcomenudeo",8180,2.17033
"Baja California","Otros delitos contra el patrimonio",1370,0.36349
"Baja California","Otros delitos contra la familia",1130,0.29981
"Baja California","Otros delitos contra la sociedad",62,0.01645
"Baja California","Otros delitos del Fuero Común",8510,2.25788
"Baja California","Otros delitos que atentan contra la libertad personal",1985,0.52666
"Baja California","Otros delitos que atentan contra la libertad y la seguridad sexual",896,0.23773
"Baja California","Otros delitos que atentan contra la vida y la integridad corporal",2642,0.70098
"Baja California","Rapto",0,0
"Baja California","Robo",29441,7.81131
"Baja California","Secuestro",15,0.00398
"Baja California","Tráfico de menores",0,0
"Baja California","Trata de personas",25,0.00663
"Baja California","Violación equiparada",271,0.0719
"Baja California","Violación simple",670,0.17777
"Baja California","Violencia de género en todas sus modalidades distinta a la violencia familiar",0,0
"Baja California","Violencia familiar",14729,3.90791
"Baja California Sur","Aborto",10,0.01252
"Baja California Sur","Abuso de confianza",365,0.45714
"Baja California Sur","Abuso sexual",478,0.59866
"Baja California Sur","Acoso sexual",180,0.22544
"Baja California Sur","Allanamiento de morada",256,0.32062
"Baja California Sur","Amenazas",2250,2.81797
"Baja California Sur","Contra el medio ambiente",4,0.00501
"Baja California Sur","Corrupción de menores",65,0.08141
"Baja California Sur","Daño a la propiedad",1964,2.45978
"Baja California Sur","Delitos cometidos por servidores públicos",318,0.39827
"Baja California Sur","Despojo",386,0.48344
"Baja California Sur","Electorales",14,0.01753
"Baja California Sur","Evasión de presos",0,0
"Baja California Sur","Extorsión",93,0.11648
"Baja California Sur","Falsedad",447,0.55984
"Baja California Sur","Falsificación",73,0.09143
"Baja California Sur","Feminicidio",8,0.01002
"Baja California Sur","Fraude",1716,2.14917
"Baja California Sur","Homicidio",142,0.17785
"Baja California Sur","Hostigamiento sexual",21,0.0263
"Baja California Sur","Incesto",1,0.00125
"Baja California Sur","Incumplimiento de obligaciones de asistencia familiar",958,1.19983
"Baja California Sur","Lesiones",2492,3.12106
"Baja California Sur","Narcomenudeo",1054,1.32006
"Baja California Sur","Otros delitos contra el patrimonio",360,0.45088
"Baja California Sur","Otros delitos contra la familia",278,0.34818
"Baja California Sur","Otros delitos contra la sociedad",1,0.00125
"Baja California Sur","Otros delitos del Fuero Común",1158,1.45032
"Baja California Sur","Otros delitos que atentan contra la libertad personal",132,0.16532
"Baja California Sur","Otros delitos que atentan contra la libertad y la seguridad sexual",257,0.32187
"Baja California Sur","Otros delitos que atentan contra la vida y la integridad corporal",304,0.38074
"Baja California Sur","Rapto",0,0
"Baja California Sur","Robo",5606,7.02113
"Baja California Sur","Secuestro",2,0.0025
"Baja California Sur","Tráfico de menores",0,0
"Baja California Sur","Trata de personas",4,0.00501
"Baja California Sur","Violación equiparada",33,0.04133
"Baja California Sur","Violación simple",219,0.27428
"Baja California Sur","Violencia de género en todas sus modalidades distinta a la violencia familiar",7,0.00877
"Baja California Sur","Violencia familiar",3344,4.18813
"Campeche","Aborto",0,0
"Campeche","Abuso de confianza",84,0.09048
"Campeche","Abuso sexual",225,0.24236
"Campeche","Acoso sexual",38,0.04093
"Campeche","Allanamiento de morada",252,0.27145
"Campeche","Amenazas",932,1.00392
"Campeche","Contra el medio ambiente",11,0.01185
"Campeche","Corrupción de menores",20,0.02154
"Campeche","Daño a la propiedad",1057,1.13856
"Campeche","Delitos cometidos por servidores públicos",33,0.03555
"Campeche","Despojo",66,0.07109
"Campeche","Electorales",9,0.00969
"Campeche","Evasión de presos",2,0.00215
"Campeche","Extorsión",55,0.05924
"Campeche","Falsedad",29,0.03124
"Campeche","Falsificación",129,0.13895
"Campeche","Feminicidio",6,0.00646
"Campeche","Fraude",400,0.43087
"Campeche","Homicidio",197,0.2122
"Campeche","Hostigamiento sexual",12,0.01293
"Campeche","Incesto",0,0
"Campeche","Incumplimiento de obligaciones de asistencia familiar",193,0.20789
"Campeche","Lesiones",2504,2.69722
"Campeche","Narcomenudeo",350,0.37701
"Campeche","Otros delitos contra el patrimonio",372,0.40071
"Campeche","Otros delitos contra la familia",1,0.00108
"Campeche","Otros delitos contra la sociedad",3,0.00323
"Campeche","Otros delitos del Fuero Común",739,0.79602
"Campeche","Otros delitos que atentan contra la libertad personal",191,0.20574
"Campeche","Otros delitos que atentan contra la libertad y la seguridad sexual",18,0.01939
"Campeche","Otros delitos que atentan contra la vida y la integridad corporal",179,0.19281
"Campeche","Rapto",0,0
"Campeche","Robo",2868,3.08931
"Campeche","Secuestro",0,0
"Campeche","Tráfico de menores",0,0
"Campeche","Trata de personas",1,0.00108
"Campeche","Violación equiparada",181,0.19497
"Campeche","Violación simple",93,0.10018
"Campeche","Violencia de género en todas sus modalidades distinta a la violencia familiar",0,0
"Campeche","Violencia familiar",1186,1.27752
"Chiapas","Aborto",6,0.00108
"Chiapas","Abuso de confianza",189,0.03409
"Chiapas","Abuso sexual",142,0.02561
"Chiapas","Acoso sexual",110,0.01984
"Chiapas","Allanamiento de morada",126,0.02273
"Chiapas","Amenazas",2098,0.37844
"Chiapas","Contra el medio ambiente",41,0.0074
"Chiapas","Corrupción de menores",3,0.00054
"Chiapas","Daño a la propiedad",1400,0.25253
"Chiapas","Delitos cometidos por servidores públicos",92,0.0166
"Chiapas","Despojo",134,0.02417
"Chiapas","Electorales",13,0.00234
"Chiapas","Evasión de presos",1,0.00018
"Chiapas","Extorsión",22,0.00397
"Chiapas","Falsedad",11,0.00198
"Chiapas","Falsificación",58,0.01046
"Chiapas","Feminicidio",32,0.00577
"Chiapas","Fraude",248,0.04473
"Chiapas","Homicidio",1426,0.25722
"Chiapas","Hostigamiento sexual",21,0.00379
"Chiapas","Incesto",0,0
"Chiapas","Incumplimiento de obligaciones de asistencia familiar",282,0.05087
"Chiapas","Lesiones",1574,0.28392
"Chiapas","Narcomenudeo",255,0.046
"Chiapas","Otros delitos contra el patrimonio",40,0.00722
"Chiapas","Otros delitos contra la familia",0,0
"Chiapas","Otros delitos contra la sociedad",116,0.02092
"Chiapas","Otros delitos del Fuero Común",885,0.15964
"Chiapas","Otros delitos que atentan contra la libertad personal",313,0.05646
"Chiapas","Otros delitos que atentan contra la libertad y la seguridad sexual",481,0.08676
"Chiapas","Otros delitos que atentan contra la vida y la integridad corporal",109,0.01966
"Chiapas","Rapto",0,0
"Chiapas","Robo",2380,0.42931
"Chiapas","Secuestro",21,0.00379
"Chiapas","Tráfico de menores",0,0
"Chiapas","Trata de personas",3,0.00054
"Chiapas","Violación equiparada",7,0.00126
"Chiapas","Violación simple",220,0.03968
"Chiapas","Violencia de género en todas sus modalidades distinta a la violencia familiar",0,0
"Chiapas","Violencia familiar",845,0.15242
"Chihuahua","Aborto",7,0.00187
"Chihuahua","Abuso de confianza",1342,0.35864
"Chihuahua","Abuso sexual",1908,0.50991
"Chihuahua","Acoso sexual",364,0.09728
"Chihuahua","Allanamiento de morada",338,0.09033
"Chihuahua","Amenazas",3864,1.03264
"Chihuahua","Contra el medio ambiente",51,0.01363
"Chihuahua","Corrupción de menores",157,0.04196
"Chihuahua","Daño a la propiedad",9816,2.62329
"Chihuahua","Delitos cometidos por servidores públicos",709,0.18948
"Chihuahua","Despojo",1019,0.27232
"Chihuahua","Electorales",58,0.0155
"Chihuahua","Evasión de presos",2,0.00053
"Chihuahua","Extorsión",6,0.0016
"Chihuahua","Falsedad",237,0.06334
"Chihuahua","Falsificación",1039,0.27767
"Chihuahua","Feminicidio",47,0.01256
"Chihuahua","Fraude",5993,1.60161
"Chihuahua","Homicidio",1990,0.53182
"Chihuahua","Hostigamiento sexual",88,0.02352
"Chihuahua","Incesto",1,0.00027
"Chihuahua","Incumplimiento de obligaciones de asistencia familiar",2594,0.69324
"Chihuahua","Lesiones",6754,1.80498
"Chihuahua","Narcomenudeo",5061,1.35253
"Chihuahua","Otros delitos contra el patrimonio",1130,0.30199
"Chihuahua","Otros delitos contra la familia",65,0.01737
"Chihuahua","Otros delitos contra la sociedad",98,0.02619
"Chihuahua","Otros delitos del Fuero Común",2202,0.58848
"Chihuahua","Otros delitos que atentan contra la libertad personal",851,0.22743
"Chihuahua","Otros delitos que atentan contra la libertad y la seguridad sexual",480,0.12828
"Chihuahua","Otros delitos que atentan contra la vida y la integridad corporal",411,0.10984
"Chihuahua","Rapto",0,0
"Chihuahua","Robo",14249,3.80799
"Chihuahua","Secuestro",51,0.01363
"Chihuahua","Tráfico de menores",0,0
"Chihuahua","Trata de personas",40,0.01069
"Chihuahua","Violación equiparada",300,0.08017
"Chihuahua","Violación simple",1212,0.3239
"Chihuahua","Violencia de género en todas sus modalidades distinta a la violencia familiar",1,0.00027
"Chihuahua","Violencia familiar",14235,3.80425
"Ciudad de México","Aborto",187,0.0203
"Ciudad de México","Abuso de confianza",3734,0.40543
"Ciudad de México","Abuso sexual",4285,0.46526
"Ciudad de México","Acoso sexual",1528,0.16591
"Ciudad de México","Allanamiento de morada",804,0.0873
"Ciudad de México","Amenazas",20133,2.18601
"Ciudad de México","Contra el medio ambiente",892,0.09685
"Ciudad de México","Corrupción de menores",384,0.04169
"Ciudad de México","Daño a la propiedad",10812,1.17395
"Ciudad de México","Delitos cometidos por servidores públicos",4278,0.4645
"Ciudad de México","Despojo",3643,0.39555
"Ciudad de México","Electorales",1072,0.1164
"Ciudad de México","Evasión de presos",13,0.00141
"Ciudad de México","Extorsión",461,0.05005
"Ciudad de México","Falsedad",724,0.07861
"Ciudad de México","Falsificación",2612,0.28361
"Ciudad de México","Feminicidio",65,0.00706
"Ciudad de México","Fraude",21945,2.38275
"Ciudad de México","Homicidio",1671,0.18143
"Ciudad de México","Hostigamiento sexual",0,0
"Ciudad de México","Incesto",0,0
"Ciudad de México","Incumplimiento de obligaciones de asistencia familiar",1035,0.11238
"Ciudad de México","Lesiones",10710,1.16287
"Ciudad de México","Narcomenudeo",4900,0.53203
"Ciudad de México","Otros delitos contra el patrimonio",3406,0.36982
"Ciudad de México","Otros delitos contra la familia",18,0.00195
"Ciudad de México","Otros delitos contra la sociedad",1667,0.181
"Ciudad de México","Otros delitos del Fuero Común",10505,1.14061
"Ciudad de México","Otros delitos que atentan contra la libertad personal",1355,0.14712
"Ciudad de México","Otros delitos que atentan contra la libertad y la seguridad sexual",1717,0.18643
"Ciudad de México","Otros delitos que atentan contra la vida y la integridad corporal",1017,0.11042
"Ciudad de México","Rapto",5,0.00054
"Ciudad de México","Robo",67900,7.37247
"Ciudad de México","Secuestro",20,0.00217
"Ciudad de México","Tráfico de menores",3,0.00033
"Ciudad de México","Trata de personas",92,0.00999
"Ciudad de México","Violación equiparada",1739,0.18882
"Ciudad de México","Violación simple",787,0.08545
"Ciudad de México","Violencia de género en todas sus modalidades distinta a la violencia familiar",0,0
"Ciudad de México","Violencia familiar",36260,3.93705
"Coahuila de Zaragoza","Aborto",0,0
"Coahuila de Zaragoza","Abuso de confianza",619,0.19671
"Coahuila de Zaragoza","Abuso sexual",916,0.29109
"Coahuila de Zaragoza","Acoso sexual",481,0.15286
"Coahuila de Zaragoza","Allanamiento de morada",736,0.23389
"Coahuila de Zaragoza","Amenazas",8851,2.81272
"Coahuila de Zaragoza","Contra el medio ambiente",6,0.00191
"Coahuila de Zaragoza","Corrupción de menores",31,0.00985
"Coahuila de Zaragoza","Daño a la propiedad",7708,2.4495
"Coahuila de Zaragoza","Delitos cometidos por servidores públicos",562,0.1786
"Coahuila de Zaragoza","Despojo",381,0.12108
"Coahuila de Zaragoza","Electorales",107,0.034
"Coahuila de Zaragoza","Evasión de presos",0,0
"Coahuila de Zaragoza","Extorsión",51,0.01621
"Coahuila de Zaragoza","Falsedad",36,0.01144
"Coahuila de Zaragoza","Falsificación",130,0.04131
"Coahuila de Zaragoza","Feminicidio",20,0.00636
"Coahuila de Zaragoza","Fraude",2457,0.7808
"Coahuila de Zaragoza","Homicidio",399,0.1268
"Coahuila de Zaragoza","Hostigamiento sexual",39,0.01239
"Coahuila de Zaragoza","Incesto",0,0
"Coahuila de Zaragoza","Incumplimiento de obligaciones de asistencia familiar",252,0.08008
"Coahuila de Zaragoza","Lesiones",5599,1.77928
"Coahuila de Zaragoza","Narcomenudeo",8731,2.77459
"Coahuila de Zaragoza","Otros delitos contra el patrimonio",1553,0.49352
"Coahuila de Zaragoza","Otros delitos contra la familia",37,0.01176
"Coahuila de Zaragoza","Otros delitos contra la sociedad",0,0
"Coahuila de Zaragoza","Otros delitos del Fuero Común",2438,0.77476
"Coahuila de Zaragoza","Otros delitos que atentan contra la libertad personal",271,0.08612
"Coahuila de Zaragoza","Otros delitos que atentan contra la libertad y la seguridad sexual",76,0.02415
"Coahuila de Zaragoza","Otros delitos que atentan contra la vida y la integridad corporal",43,0.01366
"Coahuila de Zaragoza","Rapto",0,0
"Coahuila de Zaragoza","Robo",5587,1.77547
"Coahuila de Zaragoza","Secuestro",2,0.00064
"Coahuila de Zaragoza","Tráfico de menores",0,0
"Coahuila de Zaragoza","Trata de personas",16,0.00508
"Coahuila de Zaragoza","Violación equiparada",384,0.12203
"Coahuila de Zaragoza","Violación simple",97,0.03083
"Coahuila de Zaragoza","Violencia de género en todas sus modalidades distinta a la violencia familiar",0,0
"Coahuila de Zaragoza","Violencia familiar",13022,4.13821
"Colima","Aborto",2,0.00273
"Colima","Abuso de confianza",397,0.5428
"Colima","Abuso sexual",368,0.50315
"Colima","Acoso sexual",109,0.14903
"Colima","Allanamiento de morada",158,0.21603
"Colima","Amenazas",2504,3.42361
"Colima","Contra el medio ambiente",4,0.00547
"Colima","Corrupción de menores",38,0.05196
"Colima","Daño a la propiedad",3016,4.12365
"Colima","Delitos cometidos por servidores públicos",218,0.29806
"Colima","Despojo",360,0.49221
"Colima","Electorales",29,0.03965
"Colima","Evasión de presos",0,0
"Colima","Extorsión",138,0.18868
"Colima","Falsedad",89,0.12169
"Colima","Falsificación",290,0.3965
"Colima","Feminicidio",6,0.0082
"Colima","Fraude",1458,1.99346
"Colima","Homicidio",877,1.19909
"Colima","Hostigamiento sexual",32,0.04375
"Colima","Incesto",0,0
"Colima","Incumplimiento de obligaciones de asistencia familiar",771,1.05416
"Colima","Lesiones",1939,2.65111
"Colima","Narcomenudeo",1549,2.11788
"Colima","Otros delitos contra el patrimonio",197,0.26935
"Colima","Otros delitos contra la familia",0,0
"Colima","Otros delitos contra la sociedad",151,0.20646
"Colima","Otros delitos del Fuero Común",1441,1.97022
"Colima","Otros delitos que atentan contra la libertad personal",269,0.36779
"Colima","Otros delitos que atentan contra la libertad y la seguridad sexual",44,0.06016
"Colima","Otros delitos que atentan contra la vida y la integridad corporal",0,0
"Colima","Rapto",0,0
"Colima","Robo",4446,6.07883
"Colima","Secuestro",5,0.00684
"Colima","Tráfico de menores",0,0
"Colima","Trata de personas",2,0.00273
"Colima","Violación equiparada",0,0
"Colima","Violación simple",172,0.23517
"Colima","Violencia de género en todas sus modalidades distinta a la violencia familiar",0,0
"Colima","Violencia familiar",4245,5.80401
"Durango","Aborto",0,0
"Durango","Abuso de confianza",429,0.23409
"Durango","Abuso sexual",514,0.28047
"Durango","Acoso sexual",97,0.05293
"Durango","Allanamiento de morada",75,0.04092
"Durango","Amenazas",1144,0.62423
"Durango","Contra el medio ambiente",0,0
"Durango","Corrupción de menores",0,0
"Durango","Daño a la propiedad",1977,1.07877
"Durango","Delitos cometidos por servidores públicos",0,0
"Durango","Despojo",320,0.17461
"Durango","Electorales",5,0.00273
"Durango","Evasión de presos",0,0
"Durango","Extorsión",35,0.0191
"Durango","Falsedad",14,0.00764
"Durango","Falsificación",77,0.04202
"Durango","Feminicidio",11,0.006
"Durango","Fraude",1465,0.79939
"Durango","Homicidio",284,0.15497
"Durango","Hostigamiento sexual",19,0.01037
"Durango","Incesto",0,0
"Durango","Incumplimiento de obligaciones de asistencia familiar",79,0.04311
"Durango","Lesiones",2811,1.53384
"Durango","Narcomenudeo",807,0.44035
"Durango","Otros delitos contra el patrimonio",45,0.02455
"Durango","Otros delitos contra la familia",523,0.28538
"Durango","Otros delitos contra la sociedad",6,0.00327
"Durango","Otros delitos del Fuero Común",653,0.35631
"Durango","Otros delitos que atentan contra la libertad personal",80,0.04365
"Durango","Otros delitos que atentan contra la libertad y la seguridad sexual",255,0.13914
"Durango","Otros delitos que atentan contra la vida y la integridad corporal",11,0.006
"Durango","Rapto",0,0
"Durango","Robo",2847,1.55349
"Durango","Secuestro",0,0
"Durango","Tráfico de menores",0,0
"Durango","Trata de personas",0,0
"Durango","Violación equiparada",0,0
"Durango","Violación simple",271,0.14787
"Durango","Violencia de género en todas sus modalidades distinta a la violencia familiar",0,0
"Durango","Violencia familiar",5004,2.73047
"Guanajuato","Aborto",22,0.00357
"Guanajuato","Abuso de confianza",1848,0.29966
"Guanajuato","Abuso sexual",1359,0.22037
"Guanajuato","Acoso sexual",417,0.06762
"Guanajuato","Allanamiento de morada",544,0.08821
"Guanajuato","Amenazas",13045,2.11531
"Guanajuato","Contra el medio ambiente",8,0.0013
"Guanajuato","Corrupción de menores",494,0.0801
"Guanajuato","Daño a la propiedad",13209,2.14191
"Guanajuato","Delitos cometidos por servidores públicos",128,0.02076
"Guanajuato","Despojo",1390,0.2254
"Guanajuato","Electorales",50,0.00811
"Guanajuato","Evasión de presos",3,0.00049
"Guanajuato","Extorsión",1027,0.16653
"Guanajuato","Falsedad",315,0.05108
"Guanajuato","Falsificación",1056,0.17124
"Guanajuato","Feminicidio",15,0.00243
"Guanajuato","Fraude",5150,0.8351
"Guanajuato","Homicidio",3772,0.61165
"Guanajuato","Hostigamiento sexual",71,0.01151
"Guanajuato","Incesto",0,0
"Guanajuato","Incumplimiento de obligaciones de asistencia familiar",2713,0.43993
"Guanajuato","Lesiones",16488,2.67361
"Guanajuato","Narcomenudeo",20211,3.27732
"Guanajuato","Otros delitos contra el patrimonio",149,0.02416
"Guanajuato","Otros delitos contra la familia",22,0.00357
"Guanajuato","Otros delitos contra la sociedad",6,0.00097
"Guanajuato","Otros delitos del Fuero Común",20984,3.40266
"Guanajuato","Otros delitos que atentan contra la libertad personal",0,0
"Guanajuato","Otros delitos que atentan contra la libertad y la seguridad sexual",22,0.00357
"Guanajuato","Otros delitos que atentan contra la vida y la integridad corporal",991,0.1607
"Guanajuato","Rapto",0,0
"Guanajuato","Robo",31658,5.13351
"Guanajuato","Secuestro",9,0.00146
"Guanajuato","Tráfico de menores",5,0.00081
"Guanajuato","Trata de personas",4,0.00065
"Guanajuato","Violación equiparada",93,0.01508
"Guanajuato","Violación simple",872,0.1414
"Guanajuato","Violencia de género en todas sus modalidades distinta a la violencia familiar",0,0
"Guanajuato","Violencia familiar",15958,2.58767
"Guerrero","Aborto",5,0.00141
"Guerrero","Abuso de confianza",313,0.0884
"Guerrero","Abuso sexual",372,0.10506
"Guerrero","Acoso sexual",156,0.04406
"Guerrero","Allanamiento de morada",208,0.05875
"Guerrero","Amenazas",2953,0.83402
"Guerrero","Contra el medio ambiente",6,0.00169
"Guerrero","Corrupción de menores",10,0.00282
"Guerrero","Daño a la propiedad",2290,0.64677
"Guerrero","Delitos cometidos por servidores públicos",203,0.05733
"Guerrero","Despojo",500,0.14122
"Guerrero","Electorales",87,0.02457
"Guerrero","Evasión de presos",1,0.00028
"Guerrero","Extorsión",139,0.03926
"Guerrero","Falsedad",88,0.02485
"Guerrero","Falsificación",245,0.0692
"Guerrero","Feminicidio",21,0.00593
"Guerrero","Fraude",846,0.23894
"Guerrero","Homicidio",1800,0.50838
"Guerrero","Hostigamiento sexual",15,0.00424
"Guerrero","Incesto",0,0
"Guerrero","Incumplimiento de obligaciones de asistencia familiar",408,0.11523
"Guerrero","Lesiones",3346,0.94501
"Guerrero","Narcomenudeo",718,0.20279
"Guerrero","Otros delitos contra el patrimonio",0,0
"Guerrero","Otros delitos contra la familia",176,0.04971
"Guerrero","Otros delitos contra la sociedad",1,0.00028
"Guerrero","Otros delitos del Fuero Común",989,0.27932
"Guerrero","Otros delitos que atentan contra la libertad personal",336,0.0949
"Guerrero","Otros delitos que atentan contra la libertad y la seguridad sexual",1,0.00028
"Guerrero","Otros delitos que atentan contra la vida y la integridad corporal",24,0.00678
"Guerrero","Rapto",0,0
"Guerrero","Robo",5871,1.65815
"Guerrero","Secuestro",10,0.00282
"Guerrero","Tráfico de menores",1,0.00028
"Guerrero","Trata de personas",7,0.00198
"Guerrero","Violación equiparada",173,0.04886
"Guerrero","Violación simple",179,0.05056
"Guerrero","Violencia de género en todas sus modalidades distinta a la violencia familiar",361,0.10196
"Guerrero","Violencia familiar",2785,0.78657
"Hidalgo","Aborto",9,0.00292
"Hidalgo","Abuso de confianza",298,0.09666
"Hidalgo","Abuso sexual",672,0.21798
"Hidalgo","Acoso sexual",2,0.00065
"Hidalgo","Allanamiento de morada",240,0.07785
"Hidalgo","Amenazas",3218,1.04384
"Hidalgo","Contra el medio ambiente",12,0.00389
"Hidalgo","Corrupción de menores",70,0.02271
"Hidalgo","Daño a la propiedad",2660,0.86284
"Hidalgo","Delitos cometidos por servidores públicos",527,0.17095
"Hidalgo","Despojo",696,0.22577
"Hidalgo","Electorales",198,0.06423
"Hidalgo","Evasión de presos",1,0.00032
"Hidalgo","Extorsión",311,0.10088
"Hidalgo","Falsedad",146,0.04736
"Hidalgo","Falsificación",178,0.05774
"Hidalgo","Feminicidio",17,0.00551
"Hidalgo","Fraude",1416,0.45932
"Hidalgo","Homicidio",428,0.13883
"Hidalgo","Hostigamiento sexual",175,0.05677
"Hidalgo","Incesto",0,0
"Hidalgo","Incumplimiento de obligaciones de asistencia familiar",762,0.24717
"Hidalgo","Lesiones",5346,1.73411
"Hidalgo","Narcomenudeo",635,0.20598
"Hidalgo","Otros delitos contra el patrimonio",417,0.13526
"Hidalgo","Otros delitos contra la familia",3,0.00097
"Hidalgo","Otros delitos contra la sociedad",14,0.00454
"Hidalgo","Otros delitos del Fuero Común",14774,4.79233
"Hidalgo","Otros delitos que atentan contra la libertad personal",1724,0.55922
"Hidalgo","Otros delitos que atentan contra la libertad y la seguridad sexual",330,0.10704
"Hidalgo","Otros delitos que atentan contra la vida y la integridad corporal",155,0.05028
"Hidalgo","Rapto",1,0.00032
"Hidalgo","Robo",11349,3.68134
"Hidalgo","Secuestro",14,0.00454
"Hidalgo","Tráfico de menores",0,0
"Hidalgo","Trata de personas",9,0.00292
"Hidalgo","Violación equiparada",417,0.13526
"Hidalgo","Violación simple",497,0.16121
"Hidalgo","Violencia de género en todas sus modalidades distinta a la violencia familiar",6,0.00195
"Hidalgo","Violencia familiar",6802,2.20641
"Jalisco","Aborto",21,0.00252
"Jalisco","Abuso de confianza",1556,0.18639
"Jalisco","Abuso sexual",5322,0.63751
"Jalisco","Acoso sexual",299,0.03582
"Jalisco","Allanamiento de morada",198,0.02372
"Jalisco","Amenazas",9785,1.17212
"Jalisco","Contra el medio ambiente",48,0.00575
"Jalisco","Corrupción de menores",125,0.01497
"Jalisco","Daño a la propiedad",2251,0.26964
"Jalisco","Delitos cometidos por servidores públicos",443,0.05307
"Jalisco","Despojo",1282,0.15357
"Jalisco","Electorales",8,0.00096
"Jalisco","Evasión de presos",5,6e-04
"Jalisco","Extorsión",543,0.06504
"Jalisco","Falsedad",233,0.02791
"Jalisco","Falsificación",1231,0.14746
"Jalisco","Feminicidio",28,0.00335
"Jalisco","Fraude",11884,1.42355
"Jalisco","Homicidio",2413,0.28905
"Jalisco","Hostigamiento sexual",112,0.01342
"Jalisco","Incesto",0,0
"Jalisco","Incumplimiento de obligaciones de asistencia familiar",900,0.10781
"Jalisco","Lesiones",12984,1.55531
"Jalisco","Narcomenudeo",1984,0.23766
"Jalisco","Otros delitos contra el patrimonio",0,0
"Jalisco","Otros delitos contra la familia",346,0.04145
"Jalisco","Otros delitos contra la sociedad",8,0.00096
"Jalisco","Otros delitos del Fuero Común",14162,1.69642
"Jalisco","Otros delitos que atentan contra la libertad personal",914,0.10949
"Jalisco","Otros delitos que atentan contra la libertad y la seguridad sexual",1238,0.1483
"Jalisco","Otros delitos que atentan contra la vida y la integridad corporal",175,0.02096
"Jalisco","Rapto",0,0
"Jalisco","Robo",38461,4.60713
"Jalisco","Secuestro",16,0.00192
"Jalisco","Tráfico de menores",3,0.00036
"Jalisco","Trata de personas",6,0.00072
"Jalisco","Violación equiparada",44,0.00527
"Jalisco","Violación simple",511,0.06121
"Jalisco","Violencia de género en todas sus modalidades distinta a la violencia familiar",0,0
"Jalisco","Violencia familiar",14553,1.74326
"México","Aborto",108,0.00636
"México","Abuso de confianza",4712,0.2773
"México","Abuso sexual",4974,0.29272
"México","Acoso sexual",3372,0.19844
"México","Allanamiento de morada",1820,0.10711
"México","Amenazas",0,0
"México","Contra el medio ambiente",292,0.01718
"México","Corrupción de menores",108,0.00636
"México","Daño a la propiedad",16348,0.96208
"México","Delitos cometidos por servidores públicos",3748,0.22057
"México","Despojo",4936,0.29048
"México","Electorales",419,0.02466
"México","Evasión de presos",18,0.00106
"México","Extorsión",3439,0.20238
"México","Falsedad",156,0.00918
"México","Falsificación",2482,0.14607
"México","Feminicidio",73,0.0043
"México","Fraude",17753,1.04476
"México","Homicidio",3562,0.20962
"México","Hostigamiento sexual",179,0.01053
"México","Incesto",0,0
"México","Incumplimiento de obligaciones de asistencia familiar",3016,0.17749
"México","Lesiones",60713,3.57295
"México","Narcomenudeo",2489,0.14648
"México","Otros delitos contra el patrimonio",466,0.02742
"México","Otros delitos contra la familia",8,0.00047
"México","Otros delitos contra la sociedad",1749,0.10293
"México","Otros delitos del Fuero Común",66670,3.92351
"México","Otros delitos que atentan contra la libertad personal",6356,0.37405
"México","Otros delitos que atentan contra la libertad y la seguridad sexual",59,0.00347
"México","Otros delitos que atentan contra la vida y la integridad corporal",1684,0.0991
"México","Rapto",0,0
"México","Robo",122206,7.1918
"México","Secuestro",51,0.003
"México","Tráfico de menores",0,0
"México","Trata de personas",139,0.00818
"México","Violación equiparada",541,0.03184
"México","Violación simple",2621,0.15425
"México","Violencia de género en todas sus modalidades distinta a la violencia familiar",2679,0.15766
"México","Violencia familiar",27976,1.64638
"Michoacán de Ocampo","Aborto",13,0.00274
"Michoacán de Ocampo","Abuso de confianza",765,0.16109
"Michoacán de Ocampo","Abuso sexual",580,0.12213
"Michoacán de Ocampo","Acoso sexual",203,0.04275
"Michoacán de Ocampo","Allanamiento de morada",317,0.06675
"Michoacán de Ocampo","Amenazas",5236,1.10258
"Michoacán de Ocampo","Contra el medio ambiente",526,0.11076
"Michoacán de Ocampo","Corrupción de menores",33,0.00695
"Michoacán de Ocampo","Daño a la propiedad",4291,0.90359
"Michoacán de Ocampo","Delitos cometidos por servidores públicos",273,0.05749
"Michoacán de Ocampo","Despojo",834,0.17562
"Michoacán de Ocampo","Electorales",76,0.016
"Michoacán de Ocampo","Evasión de presos",0,0
"Michoacán de Ocampo","Extorsión",295,0.06212
"Michoacán de Ocampo","Falsedad",32,0.00674
"Michoacán de Ocampo","Falsificación",530,0.11161
"Michoacán de Ocampo","Feminicidio",14,0.00295
"Michoacán de Ocampo","Fraude",2499,0.52623
"Michoacán de Ocampo","Homicidio",2519,0.53044
"Michoacán de Ocampo","Hostigamiento sexual",34,0.00716
"Michoacán de Ocampo","Incesto",0,0
"Michoacán de Ocampo","Incumplimiento de obligaciones de asistencia familiar",263,0.05538
"Michoacán de Ocampo","Lesiones",8305,1.74885
"Michoacán de Ocampo","Narcomenudeo",1781,0.37504
"Michoacán de Ocampo","Otros delitos contra el patrimonio",204,0.04296
"Michoacán de Ocampo","Otros delitos contra la familia",43,0.00905
"Michoacán de Ocampo","Otros delitos contra la sociedad",1,0.00021
"Michoacán de Ocampo","Otros delitos del Fuero Común",4024,0.84736
"Michoacán de Ocampo","Otros delitos que atentan contra la libertad personal",386,0.08128
"Michoacán de Ocampo","Otros delitos que atentan contra la libertad y la seguridad sexual",313,0.06591
"Michoacán de Ocampo","Otros delitos que atentan contra la vida y la integridad corporal",302,0.06359
"Michoacán de Ocampo","Rapto",0,0
"Michoacán de Ocampo","Robo",11500,2.42164
"Michoacán de Ocampo","Secuestro",29,0.00611
"Michoacán de Ocampo","Tráfico de menores",0,0
"Michoacán de Ocampo","Trata de personas",7,0.00147
"Michoacán de Ocampo","Violación equiparada",165,0.03475
"Michoacán de Ocampo","Violación simple",380,0.08002
"Michoacán de Ocampo","Violencia de género en todas sus modalidades distinta a la violencia familiar",0,0
"Michoacán de Ocampo","Violencia familiar",1456,0.3066
"Morelos","Aborto",9,0.00457
"Morelos","Abuso de confianza",595,0.3018
"Morelos","Abuso sexual",599,0.30383
"Morelos","Acoso sexual",14,0.0071
"Morelos","Allanamiento de morada",301,0.15267
"Morelos","Amenazas",5620,2.85059
"Morelos","Contra el medio ambiente",7,0.00355
"Morelos","Corrupción de menores",42,0.0213
"Morelos","Daño a la propiedad",3510,1.78035
"Morelos","Delitos cometidos por servidores públicos",52,0.02638
"Morelos","Despojo",996,0.50519
"Morelos","Electorales",4,0.00203
"Morelos","Evasión de presos",1,0.00051
"Morelos","Extorsión",322,0.16333
"Morelos","Falsedad",97,0.0492
"Morelos","Falsificación",198,0.10043
"Morelos","Feminicidio",50,0.02536
"Morelos","Fraude",2192,1.11183
"Morelos","Homicidio",1628,0.82576
"Morelos","Hostigamiento sexual",66,0.03348
"Morelos","Incesto",5,0.00254
"Morelos","Incumplimiento de obligaciones de asistencia familiar",372,0.18869
"Morelos","Lesiones",3906,1.98121
"Morelos","Narcomenudeo",493,0.25006
"Morelos","Otros delitos contra el patrimonio",620,0.31448
"Morelos","Otros delitos contra la familia",431,0.21861
"Morelos","Otros delitos contra la sociedad",45,0.02283
"Morelos","Otros delitos del Fuero Común",2271,1.1519
"Morelos","Otros delitos que atentan contra la libertad personal",198,0.10043
"Morelos","Otros delitos que atentan contra la libertad y la seguridad sexual",73,0.03703
"Morelos","Otros delitos que atentan contra la vida y la integridad corporal",616,0.31245
"Morelos","Rapto",2,0.00101
"Morelos","Robo",14554,7.38212
"Morelos","Secuestro",7,0.00355
"Morelos","Tráfico de menores",0,0
"Morelos","Trata de personas",1,0.00051
"Morelos","Violación equiparada",10,0.00507
"Morelos","Violación simple",459,0.23282
"Morelos","Violencia de género en todas sus modalidades distinta a la violencia familiar",0,0
"Morelos","Violencia familiar",5759,2.9211
"Nayarit","Aborto",1,0.00081
"Nayarit","Abuso de confianza",213,0.17241
"Nayarit","Abuso sexual",311,0.25173
"Nayarit","Acoso sexual",67,0.05423
"Nayarit","Allanamiento de morada",68,0.05504
"Nayarit","Amenazas",726,0.58764
"Nayarit","Contra el medio ambiente",79,0.06394
"Nayarit","Corrupción de menores",24,0.01943
"Nayarit","Daño a la propiedad",839,0.6791
"Nayarit","Delitos cometidos por servidores públicos",116,0.09389
"Nayarit","Despojo",190,0.15379
"Nayarit","Electorales",3,0.00243
"Nayarit","Evasión de presos",0,0
"Nayarit","Extorsión",15,0.01214
"Nayarit","Falsedad",20,0.01619
"Nayarit","Falsificación",32,0.0259
"Nayarit","Feminicidio",11,0.0089
"Nayarit","Fraude",617,0.49941
"Nayarit","Homicidio",386,0.31244
"Nayarit","Hostigamiento sexual",0,0
"Nayarit","Incesto",0,0
"Nayarit","Incumplimiento de obligaciones de asistencia familiar",933,0.75519
"Nayarit","Lesiones",1243,1.00611
"Nayarit","Narcomenudeo",615,0.49779
"Nayarit","Otros delitos contra el patrimonio",6,0.00486
"Nayarit","Otros delitos contra la familia",62,0.05018
"Nayarit","Otros delitos contra la sociedad",14,0.01133
"Nayarit","Otros delitos del Fuero Común",1331,1.07734
"Nayarit","Otros delitos que atentan contra la libertad personal",80,0.06475
"Nayarit","Otros delitos que atentan contra la libertad y la seguridad sexual",48,0.03885
"Nayarit","Otros delitos que atentan contra la vida y la integridad corporal",19,0.01538
"Nayarit","Rapto",0,0
"Nayarit","Robo",1334,1.07976
"Nayarit","Secuestro",2,0.00162
"Nayarit","Tráfico de menores",0,0
"Nayarit","Trata de personas",1,0.00081
"Nayarit","Violación equiparada",21,0.017
"Nayarit","Violación simple",314,0.25416
"Nayarit","Violencia de género en todas sus modalidades distinta a la violencia familiar",0,0
"Nayarit","Violencia familiar",2513,2.03407
"Nuevo León","Aborto",175,0.03025
"Nuevo León","Abuso de confianza",1052,0.18187
"Nuevo León","Abuso sexual",1536,0.26554
"Nuevo León","Acoso sexual",743,0.12845
"Nuevo León","Allanamiento de morada",487,0.08419
"Nuevo León","Amenazas",5648,0.97641
"Nuevo León","Contra el medio ambiente",37,0.0064
"Nuevo León","Corrupción de menores",260,0.04495
"Nuevo León","Daño a la propiedad",6581,1.13771
"Nuevo León","Delitos cometidos por servidores públicos",1576,0.27245
"Nuevo León","Despojo",1235,0.2135
"Nuevo León","Electorales",129,0.0223
"Nuevo León","Evasión de presos",14,0.00242
"Nuevo León","Extorsión",866,0.14971
"Nuevo León","Falsedad",213,0.03682
"Nuevo León","Falsificación",843,0.14574
"Nuevo León","Feminicidio",60,0.01037
"Nuevo León","Fraude",4925,0.85142
"Nuevo León","Homicidio",2111,0.36494
"Nuevo León","Hostigamiento sexual",68,0.01176
"Nuevo León","Incesto",0,0
"Nuevo León","Incumplimiento de obligaciones de asistencia familiar",770,0.13312
"Nuevo León","Lesiones",7547,1.30471
"Nuevo León","Narcomenudeo",8158,1.41033
"Nuevo León","Otros delitos contra el patrimonio",176,0.03043
"Nuevo León","Otros delitos contra la familia",5103,0.88219
"Nuevo León","Otros delitos contra la sociedad",2,0.00035
"Nuevo León","Otros delitos del Fuero Común",6147,1.06268
"Nuevo León","Otros delitos que atentan contra la libertad personal",1979,0.34212
"Nuevo León","Otros delitos que atentan contra la libertad y la seguridad sexual",847,0.14643
"Nuevo León","Otros delitos que atentan contra la vida y la integridad corporal",339,0.05861
"Nuevo León","Rapto",76,0.01314
"Nuevo León","Robo",9734,1.68279
"Nuevo León","Secuestro",24,0.00415
"Nuevo León","Tráfico de menores",0,0
"Nuevo León","Trata de personas",11,0.0019
"Nuevo León","Violación equiparada",534,0.09232
"Nuevo León","Violación simple",997,0.17236
"Nuevo León","Violencia de género en todas sus modalidades distinta a la violencia familiar",0,0
"Nuevo León","Violencia familiar",19184,3.31648
"Oaxaca","Aborto",13,0.00315
"Oaxaca","Abuso de confianza",422,0.10213
"Oaxaca","Abuso sexual",520,0.12584
"Oaxaca","Acoso sexual",253,0.06123
"Oaxaca","Allanamiento de morada",281,0.068
"Oaxaca","Amenazas",4906,1.18728
"Oaxaca","Contra el medio ambiente",1,0.00024
"Oaxaca","Corrupción de menores",29,0.00702
"Oaxaca","Daño a la propiedad",2597,0.62849
"Oaxaca","Delitos cometidos por servidores públicos",223,0.05397
"Oaxaca","Despojo",746,0.18054
"Oaxaca","Electorales",169,0.0409
"Oaxaca","Evasión de presos",3,0.00073
"Oaxaca","Extorsión",132,0.03194
"Oaxaca","Falsedad",376,0.09099
"Oaxaca","Falsificación",318,0.07696
"Oaxaca","Feminicidio",20,0.00484
"Oaxaca","Fraude",1816,0.43948
"Oaxaca","Homicidio",2217,0.53652
"Oaxaca","Hostigamiento sexual",67,0.01621
"Oaxaca","Incesto",0,0
"Oaxaca","Incumplimiento de obligaciones de asistencia familiar",224,0.05421
"Oaxaca","Lesiones",4670,1.13016
"Oaxaca","Narcomenudeo",529,0.12802
"Oaxaca","Otros delitos contra el patrimonio",460,0.11132
"Oaxaca","Otros delitos contra la familia",227,0.05494
"Oaxaca","Otros delitos contra la sociedad",749,0.18126
"Oaxaca","Otros delitos del Fuero Común",1946,0.47094
"Oaxaca","Otros delitos que atentan contra la libertad personal",251,0.06074
"Oaxaca","Otros delitos que atentan contra la libertad y la seguridad sexual",25,0.00605
"Oaxaca","Otros delitos que atentan contra la vida y la integridad corporal",224,0.05421
"Oaxaca","Rapto",0,0
"Oaxaca","Robo",6873,1.6633
"Oaxaca","Secuestro",19,0.0046
"Oaxaca","Tráfico de menores",0,0
"Oaxaca","Trata de personas",6,0.00145
"Oaxaca","Violación equiparada",293,0.07091
"Oaxaca","Violación simple",384,0.09293
"Oaxaca","Violencia de género en todas sus modalidades distinta a la violencia familiar",18,0.00436
"Oaxaca","Violencia familiar",5694,1.37798
"Puebla","Aborto",6,0.00091
"Puebla","Abuso de confianza",1293,0.19641
"Puebla","Abuso sexual",1000,0.1519
"Puebla","Acoso sexual",458,0.06957
"Puebla","Allanamiento de morada",168,0.02552
"Puebla","Amenazas",6029,0.91581
"Puebla","Contra el medio ambiente",23,0.00349
"Puebla","Corrupción de menores",42,0.00638
"Puebla","Daño a la propiedad",3729,0.56644
"Puebla","Delitos cometidos por servidores públicos",767,0.11651
"Puebla","Despojo",1265,0.19215
"Puebla","Electorales",58,0.00881
"Puebla","Evasión de presos",7,0.00106
"Puebla","Extorsión",129,0.0196
"Puebla","Falsedad",117,0.01777
"Puebla","Falsificación",310,0.04709
"Puebla","Feminicidio",42,0.00638
"Puebla","Fraude",4299,0.65302
"Puebla","Homicidio",1847,0.28056
"Puebla","Hostigamiento sexual",82,0.01246
"Puebla","Incesto",0,0
"Puebla","Incumplimiento de obligaciones de asistencia familiar",582,0.08841
"Puebla","Lesiones",6271,0.95256
"Puebla","Narcomenudeo",1736,0.2637
"Puebla","Otros delitos contra el patrimonio",214,0.03251
"Puebla","Otros delitos contra la familia",949,0.14415
"Puebla","Otros delitos contra la sociedad",341,0.0518
"Puebla","Otros delitos del Fuero Común",2562,0.38917
"Puebla","Otros delitos que atentan contra la libertad personal",226,0.03433
"Puebla","Otros delitos que atentan contra la libertad y la seguridad sexual",1620,0.24608
"Puebla","Otros delitos que atentan contra la vida y la integridad corporal",261,0.03965
"Puebla","Rapto",0,0
"Puebla","Robo",32344,4.91305
"Puebla","Secuestro",21,0.00319
"Puebla","Tráfico de menores",0,0
"Puebla","Trata de personas",41,0.00623
"Puebla","Violación equiparada",286,0.04344
"Puebla","Violación simple",419,0.06365
"Puebla","Violencia de género en todas sus modalidades distinta a la violencia familiar",0,0
"Puebla","Violencia familiar",10461,1.58903
"Querétaro","Aborto",38,0.01604
"Querétaro","Abuso de confianza",775,0.32722
"Querétaro","Abuso sexual",797,0.3365
"Querétaro","Acoso sexual",758,0.32004
"Querétaro","Allanamiento de morada",253,0.10682
"Querétaro","Amenazas",4252,1.79525
"Querétaro","Contra el medio ambiente",2,0.00084
"Querétaro","Corrupción de menores",0,0
"Querétaro","Daño a la propiedad",1611,0.68019
"Querétaro","Delitos cometidos por servidores públicos",1,0.00042
"Querétaro","Despojo",765,0.32299
"Querétaro","Electorales",16,0.00676
"Querétaro","Evasión de presos",2,0.00084
"Querétaro","Extorsión",236,0.09964
"Querétaro","Falsedad",206,0.08698
"Querétaro","Falsificación",194,0.08191
"Querétaro","Feminicidio",4,0.00169
"Querétaro","Fraude",4587,1.9367
"Querétaro","Homicidio",529,0.22335
"Querétaro","Hostigamiento sexual",37,0.01562
"Querétaro","Incesto",0,0
"Querétaro","Incumplimiento de obligaciones de asistencia familiar",740,0.31244
"Querétaro","Lesiones",6016,2.54004
"Querétaro","Narcomenudeo",1686,0.71185
"Querétaro","Otros delitos contra el patrimonio",175,0.07389
"Querétaro","Otros delitos contra la familia",326,0.13764
"Querétaro","Otros delitos contra la sociedad",417,0.17606
"Querétaro","Otros delitos del Fuero Común",4235,1.78808
"Querétaro","Otros delitos que atentan contra la libertad personal",275,0.11611
"Querétaro","Otros delitos que atentan contra la libertad y la seguridad sexual",61,0.02576
"Querétaro","Otros delitos que atentan contra la vida y la integridad corporal",984,0.41546
"Querétaro","Rapto",0,0
"Querétaro","Robo",21772,9.19244
"Querétaro","Secuestro",7,0.00296
"Querétaro","Tráfico de menores",0,0
"Querétaro","Trata de personas",1,0.00042
"Querétaro","Violación equiparada",258,0.10893
"Querétaro","Violación simple",415,0.17522
"Querétaro","Violencia de género en todas sus modalidades distinta a la violencia familiar",1471,0.62108
"Querétaro","Violencia familiar",5567,2.35047
"Quintana Roo","Aborto",7,0.00377
"Quintana Roo","Abuso de confianza",4165,2.24168
"Quintana Roo","Abuso sexual",1087,0.58504
"Quintana Roo","Acoso sexual",296,0.15931
"Quintana Roo","Allanamiento de morada",295,0.15877
"Quintana Roo","Amenazas",3426,1.84393
"Quintana Roo","Contra el medio ambiente",158,0.08504
"Quintana Roo","Corrupción de menores",149,0.08019
"Quintana Roo","Daño a la propiedad",5821,3.13296
"Quintana Roo","Delitos cometidos por servidores públicos",616,0.33154
"Quintana Roo","Despojo",776,0.41766
"Quintana Roo","Electorales",32,0.01722
"Quintana Roo","Evasión de presos",5,0.00269
"Quintana Roo","Extorsión",175,0.09419
"Quintana Roo","Falsedad",626,0.33692
"Quintana Roo","Falsificación",317,0.17061
"Quintana Roo","Feminicidio",12,0.00646
"Quintana Roo","Fraude",256,0.13778
"Quintana Roo","Homicidio",1487,0.80033
"Quintana Roo","Hostigamiento sexual",38,0.02045
"Quintana Roo","Incesto",0,0
"Quintana Roo","Incumplimiento de obligaciones de asistencia familiar",564,0.30355
"Quintana Roo","Lesiones",4881,2.62704
"Quintana Roo","Narcomenudeo",2476,1.33263
"Quintana Roo","Otros delitos contra el patrimonio",271,0.14586
"Quintana Roo","Otros delitos contra la familia",826,0.44457
"Quintana Roo","Otros delitos contra la sociedad",1,0.00054
"Quintana Roo","Otros delitos del Fuero Común",2084,1.12165
"Quintana Roo","Otros delitos que atentan contra la libertad personal",1316,0.70829
"Quintana Roo","Otros delitos que atentan contra la libertad y la seguridad sexual",502,0.27019
"Quintana Roo","Otros delitos que atentan contra la vida y la integridad corporal",325,0.17492
"Quintana Roo","Rapto",0,0
"Quintana Roo","Robo",12586,6.77401
"Quintana Roo","Secuestro",11,0.00592
"Quintana Roo","Tráfico de menores",0,0
"Quintana Roo","Trata de personas",128,0.06889
"Quintana Roo","Violación equiparada",0,0
"Quintana Roo","Violación simple",718,0.38644
"Quintana Roo","Violencia de género en todas sus modalidades distinta a la violencia familiar",0,0
"Quintana Roo","Violencia familiar",7195,3.87247
"San Luis Potosí","Aborto",12,0.00425
"San Luis Potosí","Abuso de confianza",681,0.2413
"San Luis Potosí","Abuso sexual",704,0.24945
"San Luis Potosí","Acoso sexual",307,0.10878
"San Luis Potosí","Allanamiento de morada",552,0.19559
"San Luis Potosí","Amenazas",3098,1.0977
"San Luis Potosí","Contra el medio ambiente",163,0.05776
"San Luis Potosí","Corrupción de menores",23,0.00815
"San Luis Potosí","Daño a la propiedad",5535,1.9612
"San Luis Potosí","Delitos cometidos por servidores públicos",608,0.21543
"San Luis Potosí","Despojo",555,0.19665
"San Luis Potosí","Electorales",58,0.02055
"San Luis Potosí","Evasión de presos",2,0.00071
"San Luis Potosí","Extorsión",128,0.04535
"San Luis Potosí","Falsedad",0,0
"San Luis Potosí","Falsificación",186,0.0659
"San Luis Potosí","Feminicidio",12,0.00425
"San Luis Potosí","Fraude",3230,1.14447
"San Luis Potosí","Homicidio",696,0.24661
"San Luis Potosí","Hostigamiento sexual",27,0.00957
"San Luis Potosí","Incesto",0,0
"San Luis Potosí","Incumplimiento de obligaciones de asistencia familiar",609,0.21578
"San Luis Potosí","Lesiones",4947,1.75285
"San Luis Potosí","Narcomenudeo",7426,2.63123
"San Luis Potosí","Otros delitos contra el patrimonio",607,0.21508
"San Luis Potosí","Otros delitos contra la familia",2,0.00071
"San Luis Potosí","Otros delitos contra la sociedad",0,0
"San Luis Potosí","Otros delitos del Fuero Común",3408,1.20755
"San Luis Potosí","Otros delitos que atentan contra la libertad personal",610,0.21614
"San Luis Potosí","Otros delitos que atentan contra la libertad y la seguridad sexual",370,0.1311
"San Luis Potosí","Otros delitos que atentan contra la vida y la integridad corporal",226,0.08008
"San Luis Potosí","Rapto",0,0
"San Luis Potosí","Robo",13749,4.87164
"San Luis Potosí","Secuestro",4,0.00142
"San Luis Potosí","Tráfico de menores",0,0
"San Luis Potosí","Trata de personas",17,0.00602
"San Luis Potosí","Violación equiparada",0,0
"San Luis Potosí","Violación simple",625,0.22145
"San Luis Potosí","Violencia de género en todas sus modalidades distinta a la violencia familiar",0,0
"San Luis Potosí","Violencia familiar",9562,3.38807
"Sinaloa","Aborto",0,0
"Sinaloa","Abuso de confianza",363,0.11992
"Sinaloa","Abuso sexual",555,0.18335
"Sinaloa","Acoso sexual",216,0.07136
"Sinaloa","Allanamiento de morada",68,0.02246
"Sinaloa","Amenazas",1945,0.64256
"Sinaloa","Contra el medio ambiente",0,0
"Sinaloa","Corrupción de menores",68,0.02246
"Sinaloa","Daño a la propiedad",2684,0.8867
"Sinaloa","Delitos cometidos por servidores públicos",155,0.05121
"Sinaloa","Despojo",507,0.1675
"Sinaloa","Electorales",10,0.0033
"Sinaloa","Evasión de presos",0,0
"Sinaloa","Extorsión",89,0.0294
"Sinaloa","Falsedad",63,0.02081
"Sinaloa","Falsificación",138,0.04559
"Sinaloa","Feminicidio",26,0.00859
"Sinaloa","Fraude",1017,0.33598
"Sinaloa","Homicidio",1419,0.46879
"Sinaloa","Hostigamiento sexual",12,0.00396
"Sinaloa","Incesto",0,0
"Sinaloa","Incumplimiento de obligaciones de asistencia familiar",256,0.08457
"Sinaloa","Lesiones",4337,1.4328
"Sinaloa","Narcomenudeo",209,0.06905
"Sinaloa","Otros delitos contra el patrimonio",50,0.01652
"Sinaloa","Otros delitos contra la familia",181,0.0598
"Sinaloa","Otros delitos contra la sociedad",98,0.03238
"Sinaloa","Otros delitos del Fuero Común",717,0.23687
"Sinaloa","Otros delitos que atentan contra la libertad personal",1599,0.52826
"Sinaloa","Otros delitos que atentan contra la libertad y la seguridad sexual",155,0.05121
"Sinaloa","Otros delitos que atentan contra la vida y la integridad corporal",681,0.22498
"Sinaloa","Rapto",0,0
"Sinaloa","Robo",9141,3.01988
"Sinaloa","Secuestro",7,0.00231
"Sinaloa","Tráfico de menores",2,0.00066
"Sinaloa","Trata de personas",7,0.00231
"Sinaloa","Violación equiparada",79,0.0261
"Sinaloa","Violación simple",299,0.09878
"Sinaloa","Violencia de género en todas sus modalidades distinta a la violencia familiar",0,0
"Sinaloa","Violencia familiar",7336,2.42357
"Sonora","Aborto",5,0.0017
"Sonora","Abuso de confianza",128,0.04347
"Sonora","Abuso sexual",799,0.27132
"Sonora","Acoso sexual",164,0.05569
"Sonora","Allanamiento de morada",466,0.15824
"Sonora","Amenazas",1613,0.54774
"Sonora","Contra el medio ambiente",8,0.00272
"Sonora","Corrupción de menores",75,0.02547
"Sonora","Daño a la propiedad",2262,0.76812
"Sonora","Delitos cometidos por servidores públicos",70,0.02377
"Sonora","Despojo",286,0.09712
"Sonora","Electorales",2,0.00068
"Sonora","Evasión de presos",4,0.00136
"Sonora","Extorsión",64,0.02173
"Sonora","Falsedad",94,0.03192
"Sonora","Falsificación",44,0.01494
"Sonora","Feminicidio",25,0.00849
"Sonora","Fraude",690,0.23431
"Sonora","Homicidio",1423,0.48322
"Sonora","Hostigamiento sexual",19,0.00645
"Sonora","Incesto",0,0
"Sonora","Incumplimiento de obligaciones de asistencia familiar",2551,0.86626
"Sonora","Lesiones",2420,0.82178
"Sonora","Narcomenudeo",3999,1.35797
"Sonora","Otros delitos contra el patrimonio",420,0.14262
"Sonora","Otros delitos contra la familia",175,0.05943
"Sonora","Otros delitos contra la sociedad",192,0.0652
"Sonora","Otros delitos del Fuero Común",2157,0.73247
"Sonora","Otros delitos que atentan contra la libertad personal",569,0.19322
"Sonora","Otros delitos que atentan contra la libertad y la seguridad sexual",112,0.03803
"Sonora","Otros delitos que atentan contra la vida y la integridad corporal",506,0.17183
"Sonora","Rapto",0,0
"Sonora","Robo",6397,2.17227
"Sonora","Secuestro",26,0.00883
"Sonora","Tráfico de menores",0,0
"Sonora","Trata de personas",0,0
"Sonora","Violación equiparada",44,0.01494
"Sonora","Violación simple",161,0.05467
"Sonora","Violencia de género en todas sus modalidades distinta a la violencia familiar",2,0.00068
"Sonora","Violencia familiar",8366,2.8409
"Tabasco","Aborto",3,0.00125
"Tabasco","Abuso de confianza",635,0.2643
"Tabasco","Abuso sexual",266,0.11071
"Tabasco","Acoso sexual",0,0
"Tabasco","Allanamiento de morada",267,0.11113
"Tabasco","Amenazas",4120,1.71481
"Tabasco","Contra el medio ambiente",0,0
"Tabasco","Corrupción de menores",32,0.01332
"Tabasco","Daño a la propiedad",1969,0.81953
"Tabasco","Delitos cometidos por servidores públicos",129,0.05369
"Tabasco","Despojo",483,0.20103
"Tabasco","Electorales",44,0.01831
"Tabasco","Evasión de presos",3,0.00125
"Tabasco","Extorsión",144,0.05994
"Tabasco","Falsedad",42,0.01748
"Tabasco","Falsificación",139,0.05785
"Tabasco","Feminicidio",28,0.01165
"Tabasco","Fraude",1329,0.55315
"Tabasco","Homicidio",1180,0.49114
"Tabasco","Hostigamiento sexual",190,0.07908
"Tabasco","Incesto",0,0
"Tabasco","Incumplimiento de obligaciones de asistencia familiar",1013,0.42163
"Tabasco","Lesiones",4549,1.89337
"Tabasco","Narcomenudeo",330,0.13735
"Tabasco","Otros delitos contra el patrimonio",211,0.08782
"Tabasco","Otros delitos contra la familia",9,0.00375
"Tabasco","Otros delitos contra la sociedad",1,0.00042
"Tabasco","Otros delitos del Fuero Común",8610,3.58362
"Tabasco","Otros delitos que atentan contra la libertad personal",440,0.18314
"Tabasco","Otros delitos que atentan contra la libertad y la seguridad sexual",517,0.21518
"Tabasco","Otros delitos que atentan contra la vida y la integridad corporal",477,0.19854
"Tabasco","Rapto",0,0
"Tabasco","Robo",9794,4.07642
"Tabasco","Secuestro",36,0.01498
"Tabasco","Tráfico de menores",0,0
"Tabasco","Trata de personas",1,0.00042
"Tabasco","Violación equiparada",0,0
"Tabasco","Violación simple",272,0.11321
"Tabasco","Violencia de género en todas sus modalidades distinta a la violencia familiar",0,0
"Tabasco","Violencia familiar",7288,3.03338
"Tamaulipas","Aborto",69,0.01956
"Tamaulipas","Abuso de confianza",634,0.17972
"Tamaulipas","Abuso sexual",760,0.21544
"Tamaulipas","Acoso sexual",136,0.03855
"Tamaulipas","Allanamiento de morada",242,0.0686
"Tamaulipas","Amenazas",2291,0.64943
"Tamaulipas","Contra el medio ambiente",8,0.00227
"Tamaulipas","Corrupción de menores",24,0.0068
"Tamaulipas","Daño a la propiedad",4159,1.17894
"Tamaulipas","Delitos cometidos por servidores públicos",493,0.13975
"Tamaulipas","Despojo",480,0.13606
"Tamaulipas","Electorales",25,0.00709
"Tamaulipas","Evasión de presos",1,0.00028
"Tamaulipas","Extorsión",103,0.0292
"Tamaulipas","Falsedad",134,0.03798
"Tamaulipas","Falsificación",153,0.04337
"Tamaulipas","Feminicidio",23,0.00652
"Tamaulipas","Fraude",1755,0.49749
"Tamaulipas","Homicidio",1020,0.28914
"Tamaulipas","Hostigamiento sexual",53,0.01502
"Tamaulipas","Incesto",0,0
"Tamaulipas","Incumplimiento de obligaciones de asistencia familiar",1506,0.4269
"Tamaulipas","Lesiones",3773,1.06952
"Tamaulipas","Narcomenudeo",231,0.06548
"Tamaulipas","Otros delitos contra el patrimonio",50,0.01417
"Tamaulipas","Otros delitos contra la familia",816,0.23131
"Tamaulipas","Otros delitos contra la sociedad",0,0
"Tamaulipas","Otros delitos del Fuero Común",1923,0.54511
"Tamaulipas","Otros delitos que atentan contra la libertad personal",477,0.13521
"Tamaulipas","Otros delitos que atentan contra la libertad y la seguridad sexual",209,0.05924
"Tamaulipas","Otros delitos que atentan contra la vida y la integridad corporal",371,0.10517
"Tamaulipas","Rapto",0,0
"Tamaulipas","Robo",9389,2.66148
"Tamaulipas","Secuestro",17,0.00482
"Tamaulipas","Tráfico de menores",0,0
"Tamaulipas","Trata de personas",8,0.00227
"Tamaulipas","Violación equiparada",0,0
"Tamaulipas","Violación simple",519,0.14712
"Tamaulipas","Violencia de género en todas sus modalidades distinta a la violencia familiar",0,0
"Tamaulipas","Violencia familiar",8331,2.36157
"Tlaxcala","Aborto",0,0
"Tlaxcala","Abuso de confianza",1,0.00074
"Tlaxcala","Abuso sexual",22,0.01638
"Tlaxcala","Acoso sexual",3,0.00223
"Tlaxcala","Allanamiento de morada",46,0.03425
"Tlaxcala","Amenazas",4,0.00298
"Tlaxcala","Contra el medio ambiente",0,0
"Tlaxcala","Corrupción de menores",0,0
"Tlaxcala","Daño a la propiedad",36,0.02681
"Tlaxcala","Delitos cometidos por servidores públicos",0,0
"Tlaxcala","Despojo",2,0.00149
"Tlaxcala","Electorales",10,0.00745
"Tlaxcala","Evasión de presos",1,0.00074
"Tlaxcala","Extorsión",1,0.00074
"Tlaxcala","Falsedad",0,0
"Tlaxcala","Falsificación",1,0.00074
"Tlaxcala","Feminicidio",15,0.01117
"Tlaxcala","Fraude",11,0.00819
"Tlaxcala","Homicidio",157,0.1169
"Tlaxcala","Hostigamiento sexual",1,0.00074
"Tlaxcala","Incesto",0,0
"Tlaxcala","Incumplimiento de obligaciones de asistencia familiar",21,0.01564
"Tlaxcala","Lesiones",128,0.09531
"Tlaxcala","Narcomenudeo",73,0.05436
"Tlaxcala","Otros delitos contra el patrimonio",16,0.01191
"Tlaxcala","Otros delitos contra la familia",1,0.00074
"Tlaxcala","Otros delitos contra la sociedad",0,0
"Tlaxcala","Otros delitos del Fuero Común",141,0.10499
"Tlaxcala","Otros delitos que atentan contra la libertad personal",0,0
"Tlaxcala","Otros delitos que atentan contra la libertad y la seguridad sexual",2,0.00149
"Tlaxcala","Otros delitos que atentan contra la vida y la integridad corporal",2,0.00149
"Tlaxcala","Rapto",0,0
"Tlaxcala","Robo",2682,1.99706
"Tlaxcala","Secuestro",12,0.00894
"Tlaxcala","Tráfico de menores",0,0
"Tlaxcala","Trata de personas",0,0
"Tlaxcala","Violación equiparada",0,0
"Tlaxcala","Violación simple",14,0.01042
"Tlaxcala","Violencia de género en todas sus modalidades distinta a la violencia familiar",0,0
"Tlaxcala","Violencia familiar",28,0.02085
"Veracruz de Ignacio de la Llave","Aborto",11,0.00136
"Veracruz de Ignacio de la Llave","Abuso de confianza",1299,0.16111
"Veracruz de Ignacio de la Llave","Abuso sexual",1183,0.14673
"Veracruz de Ignacio de la Llave","Acoso sexual",487,0.0604
"Veracruz de Ignacio de la Llave","Allanamiento de morada",611,0.07578
"Veracruz de Ignacio de la Llave","Amenazas",7929,0.98343
"Veracruz de Ignacio de la Llave","Contra el medio ambiente",31,0.00384
"Veracruz de Ignacio de la Llave","Corrupción de menores",40,0.00496
"Veracruz de Ignacio de la Llave","Daño a la propiedad",6998,0.86796
"Veracruz de Ignacio de la Llave","Delitos cometidos por servidores públicos",755,0.09364
"Veracruz de Ignacio de la Llave","Despojo",1966,0.24384
"Veracruz de Ignacio de la Llave","Electorales",37,0.00459
"Veracruz de Ignacio de la Llave","Evasión de presos",4,5e-04
"Veracruz de Ignacio de la Llave","Extorsión",938,0.11634
"Veracruz de Ignacio de la Llave","Falsedad",330,0.04093
"Veracruz de Ignacio de la Llave","Falsificación",433,0.0537
"Veracruz de Ignacio de la Llave","Feminicidio",53,0.00657
"Veracruz de Ignacio de la Llave","Fraude",3858,0.47851
"Veracruz de Ignacio de la Llave","Homicidio",1768,0.21928
"Veracruz de Ignacio de la Llave","Hostigamiento sexual",53,0.00657
"Veracruz de Ignacio de la Llave","Incesto",0,0
"Veracruz de Ignacio de la Llave","Incumplimiento de obligaciones de asistencia familiar",1211,0.1502
"Veracruz de Ignacio de la Llave","Lesiones",9703,1.20346
"Veracruz de Ignacio de la Llave","Narcomenudeo",2539,0.31491
"Veracruz de Ignacio de la Llave","Otros delitos contra el patrimonio",771,0.09563
"Veracruz de Ignacio de la Llave","Otros delitos contra la familia",863,0.10704
"Veracruz de Ignacio de la Llave","Otros delitos contra la sociedad",0,0
"Veracruz de Ignacio de la Llave","Otros delitos del Fuero Común",3774,0.46809
"Veracruz de Ignacio de la Llave","Otros delitos que atentan contra la libertad personal",1771,0.21966
"Veracruz de Ignacio de la Llave","Otros delitos que atentan contra la libertad y la seguridad sexual",1455,0.18046
"Veracruz de Ignacio de la Llave","Otros delitos que atentan contra la vida y la integridad corporal",251,0.03113
"Veracruz de Ignacio de la Llave","Rapto",0,0
"Veracruz de Ignacio de la Llave","Robo",16213,2.0109
"Veracruz de Ignacio de la Llave","Secuestro",28,0.00347
"Veracruz de Ignacio de la Llave","Tráfico de menores",0,0
"Veracruz de Ignacio de la Llave","Trata de personas",10,0.00124
"Veracruz de Ignacio de la Llave","Violación equiparada",27,0.00335
"Veracruz de Ignacio de la Llave","Violación simple",437,0.0542
"Veracruz de Ignacio de la Llave","Violencia de género en todas sus modalidades distinta a la violencia familiar",2046,0.25376
"Veracruz de Ignacio de la Llave","Violencia familiar",11321,1.40414
"Yucatán","Aborto",1,0.00043
"Yucatán","Abuso de confianza",77,0.03318
"Yucatán","Abuso sexual",110,0.0474
"Yucatán","Acoso sexual",20,0.00862
"Yucatán","Allanamiento de morada",26,0.0112
"Yucatán","Amenazas",668,0.28782
"Yucatán","Contra el medio ambiente",2,0.00086
"Yucatán","Corrupción de menores",2,0.00086
"Yucatán","Daño a la propiedad",680,0.29299
"Yucatán","Delitos cometidos por servidores públicos",55,0.0237
"Yucatán","Despojo",39,0.0168
"Yucatán","Electorales",11,0.00474
"Yucatán","Evasión de presos",0,0
"Yucatán","Extorsión",1,0.00043
"Yucatán","Falsedad",3,0.00129
"Yucatán","Falsificación",4,0.00172
"Yucatán","Feminicidio",7,0.00302
"Yucatán","Fraude",86,0.03705
"Yucatán","Homicidio",201,0.0866
"Yucatán","Hostigamiento sexual",2,0.00086
"Yucatán","Incesto",0,0
"Yucatán","Incumplimiento de obligaciones de asistencia familiar",121,0.05213
"Yucatán","Lesiones",236,0.10168
"Yucatán","Narcomenudeo",462,0.19906
"Yucatán","Otros delitos contra el patrimonio",13,0.0056
"Yucatán","Otros delitos contra la familia",15,0.00646
"Yucatán","Otros delitos contra la sociedad",2,0.00086
"Yucatán","Otros delitos del Fuero Común",367,0.15813
"Yucatán","Otros delitos que atentan contra la libertad personal",0,0
"Yucatán","Otros delitos que atentan contra la libertad y la seguridad sexual",2,0.00086
"Yucatán","Otros delitos que atentan contra la vida y la integridad corporal",67,0.02887
"Yucatán","Rapto",0,0
"Yucatán","Robo",510,0.21974
"Yucatán","Secuestro",0,0
"Yucatán","Tráfico de menores",0,0
"Yucatán","Trata de personas",0,0
"Yucatán","Violación equiparada",0,0
"Yucatán","Violación simple",45,0.01939
"Yucatán","Violencia de género en todas sus modalidades distinta a la violencia familiar",11,0.00474
"Yucatán","Violencia familiar",301,0.12969
"Zacatecas","Aborto",6,0.0037
"Zacatecas","Abuso de confianza",290,0.17878
"Zacatecas","Abuso sexual",369,0.22748
"Zacatecas","Acoso sexual",137,0.08446
"Zacatecas","Allanamiento de morada",153,0.09432
"Zacatecas","Amenazas",1342,0.8273
"Zacatecas","Contra el medio ambiente",3,0.00185
"Zacatecas","Corrupción de menores",25,0.01541
"Zacatecas","Daño a la propiedad",2717,1.67495
"Zacatecas","Delitos cometidos por servidores públicos",338,0.20837
"Zacatecas","Despojo",355,0.21885
"Zacatecas","Electorales",64,0.03945
"Zacatecas","Evasión de presos",1,0.00062
"Zacatecas","Extorsión",61,0.0376
"Zacatecas","Falsedad",288,0.17754
"Zacatecas","Falsificación",118,0.07274
"Zacatecas","Feminicidio",8,0.00493
"Zacatecas","Fraude",1660,1.02334
"Zacatecas","Homicidio",787,0.48516
"Zacatecas","Hostigamiento sexual",28,0.01726
"Zacatecas","Incesto",0,0
"Zacatecas","Incumplimiento de obligaciones de asistencia familiar",784,0.48331
"Zacatecas","Lesiones",2780,1.71379
"Zacatecas","Narcomenudeo",409,0.25214
"Zacatecas","Otros delitos contra el patrimonio",76,0.04685
"Zacatecas","Otros delitos contra la familia",119,0.07336
"Zacatecas","Otros delitos contra la sociedad",0,0
"Zacatecas","Otros delitos del Fuero Común",2098,1.29335
"Zacatecas","Otros delitos que atentan contra la libertad personal",659,0.40625
"Zacatecas","Otros delitos que atentan contra la libertad y la seguridad sexual",196,0.12083
"Zacatecas","Otros delitos que atentan contra la vida y la integridad corporal",373,0.22994
"Zacatecas","Rapto",0,0
"Zacatecas","Robo",5502,3.39182
"Zacatecas","Secuestro",9,0.00555
"Zacatecas","Tráfico de menores",0,0
"Zacatecas","Trata de personas",29,0.01788
"Zacatecas","Violación equiparada",114,0.07028
"Zacatecas","Violación simple",174,0.10727
"Zacatecas","Violencia de género en todas sus modalidades distinta a la violencia familiar",0,0
"Zacatecas","Violencia familiar",3624,2.23409
